{"mae": [4.035674571990967, 3.262282133102417, 2.1170382499694824, 1.246394395828247, 0.6125538349151611, 0.5554951429367065, 0.5186672210693359, 0.5224563479423523, 0.4854733943939209, 0.4572984278202057, 0.4434182941913605, 0.43039819598197937, 0.41877803206443787, 0.40891745686531067, 0.3941715955734253, 0.3790128231048584, 0.373919278383255, 0.3605652153491974, 0.359718382358551, 0.3543050289154053, 0.3311122953891754, 0.2878692150115967, 0.31585949659347534, 0.27043554186820984, 0.25213363766670227, 0.2313314974308014, 0.22557786107063293, 0.23378032445907593, 0.2142021507024765, 0.2219453901052475, 0.28359276056289673, 0.4004218876361847, 0.08682986348867416, 0.11949115246534348, 0.15374799072742462, 0.39658820629119873, 0.18068337440490723, 0.16839592158794403, 0.1777348667383194, 0.07345295697450638, 0.1040496826171875, 0.2720532715320587, 0.390982985496521, 0.1636788547039032, 0.4277806580066681, 0.3714084327220917, 0.19641155004501343, 0.21241611242294312, 0.3849946856498718, 0.07545498758554459, 0.06988564133644104, 0.07838757336139679, 0.08889808505773544, 0.09002452343702316, 0.061392102390527725, 0.20988067984580994, 0.32061678171157837, 0.06745761632919312, 0.09191868454217911, 0.05363250523805618, 0.08606726676225662, 0.10854670405387878, 0.07183494418859482, 0.1967129111289978, 0.36384305357933044, 0.1681395322084427, 0.24287036061286926, 0.24816130101680756, 0.33674097061157227, 0.13350807130336761, 0.15762588381767273, 0.2585027813911438, 0.08453262597322464, 0.10603713989257812, 0.06625724583864212, 0.12305549532175064, 0.06012061610817909, 0.07348568737506866, 0.09645590931177139, 0.047100845724344254, 0.12126940488815308, 0.12590396404266357, 0.3831346035003662, 0.15535877645015717, 0.3236472010612488, 0.0554085411131382, 0.09509740769863129, 0.11933831125497818, 0.3502221405506134, 0.2475801706314087, 0.37930652499198914, 0.16424010694026947, 0.21713171899318695, 0.25187209248542786, 0.14821533858776093, 0.24950404465198517, 0.2633002698421478, 0.04033997282385826, 0.2397981435060501, 0.30000999569892883], "epoch": [1, 2, 3, 4, 5, 6, 7, 8, 9, 10, 11, 12, 13, 14, 15, 16, 17, 18, 19, 20, 21, 22, 23, 24, 25, 26, 27, 28, 29, 30, 31, 32, 33, 34, 35, 36, 37, 38, 39, 40, 41, 42, 43, 44, 45, 46, 47, 48, 49, 50, 51, 52, 53, 54, 55, 56, 57, 58, 59, 60, 61, 62, 63, 64, 65, 66, 67, 68, 69, 70, 71, 72, 73, 74, 75, 76, 77, 78, 79, 80, 81, 82, 83, 84, 85, 86, 87, 88, 89, 90, 91, 92, 93, 94, 95, 96, 97, 98, 99, 100]}