{"mae": [14.657425880432129, 14.945408821105957, 14.874709129333496, 14.37914752960205, 13.900073051452637, 13.500980377197266, 13.022913932800293, 12.602861404418945, 12.136724472045898, 11.974154472351074, 11.713665962219238, 11.518813133239746, 11.257479667663574, 11.061959266662598, 10.808823585510254, 10.567449569702148, 10.34939193725586, 10.089542388916016, 9.823806762695312, 9.567717552185059, 9.26571273803711, 9.010869026184082, 8.789124488830566, 8.540645599365234, 8.263847351074219, 8.01462459564209, 7.744461536407471, 7.49267578125, 7.210292816162109, 6.9605607986450195, 6.727035999298096, 6.495567798614502, 6.35215950012207, 6.169546604156494, 5.9594950675964355, 5.881780624389648, 5.726143836975098, 5.611307144165039, 5.483456611633301, 5.39894962310791, 5.284011363983154, 5.115303993225098, 5.07192850112915, 4.985373020172119, 4.826657772064209, 4.744418144226074, 4.685939311981201, 4.615628719329834, 4.541400909423828, 4.4618730545043945, 4.368901252746582, 4.322427749633789, 4.231400966644287, 4.1749348640441895, 4.121490478515625, 4.02454948425293, 4.0104475021362305, 3.909569025039673, 3.810896396636963, 3.723994493484497, 3.615107536315918, 3.5349395275115967, 3.4749507904052734, 3.4132702350616455, 3.3545982837677, 3.3074874877929688, 3.2467284202575684, 3.210599660873413, 3.1433730125427246, 3.112626075744629, 3.069146156311035, 3.0390825271606445, 2.993581771850586, 2.9468350410461426, 2.9112048149108887, 2.8736538887023926, 2.8495864868164062, 2.8156933784484863, 2.7974188327789307, 2.779799222946167, 2.7643823623657227, 2.750049114227295, 2.732196092605591, 2.695479393005371, 2.710609197616577, 2.663121223449707, 2.666677951812744, 2.6368331909179688, 2.614331007003784, 2.596017360687256, 2.5762102603912354, 2.544118881225586, 2.5262584686279297, 2.537785291671753, 2.5145537853240967, 2.5033388137817383, 2.4984793663024902, 2.4823391437530518, 2.471956253051758, 2.477994680404663], "epoch": [1, 2, 3, 4, 5, 6, 7, 8, 9, 10, 11, 12, 13, 14, 15, 16, 17, 18, 19, 20, 21, 22, 23, 24, 25, 26, 27, 28, 29, 30, 31, 32, 33, 34, 35, 36, 37, 38, 39, 40, 41, 42, 43, 44, 45, 46, 47, 48, 49, 50, 51, 52, 53, 54, 55, 56, 57, 58, 59, 60, 61, 62, 63, 64, 65, 66, 67, 68, 69, 70, 71, 72, 73, 74, 75, 76, 77, 78, 79, 80, 81, 82, 83, 84, 85, 86, 87, 88, 89, 90, 91, 92, 93, 94, 95, 96, 97, 98, 99, 100]}