{"$RMSE$": 0.2419296091370119, "$RMSE/\\sigma_{y}$": 0.21946076325720582, "$MAE$": 0.1061055064201355, "$R^{2}$": 0.9516275662983137, "y": [1.5910205841064453, 0.9771625995635986, 1.0404300689697266, 2.1212220191955566, 0.5161189436912537, 0.9773595929145813, 5.055234432220459, 0.8821402788162231, -0.017728766426444054, 3.834465980529785, -0.08685889840126038, 0.8365646600723267, 0.1760912537574768, 3.3880982398986816, 0.42805540561676025, 1.316988229751587, 0.6034928560256958, 0.4252588152885437, 1.1835612058639526, 1.908396601676941, 1.4930148124694824, -0.6989700198173523, 0.5440680384635925, 1.3456075191497803, 0.5698816180229187, 3.0575032234191895, 0.4429093301296234, 1.6020599603652954, 0.39093509316444397, 1.594506859779358, 1.2450461387634277, -0.16766606271266937, 1.3050487041473389, 3.3923375606536865, 1.153212547302246, -0.3474355936050415, 0.03162354603409767, 2.001295804977417, -0.21714724600315094, 0.7840879559516907, -0.21714724600315094, 1.840943455696106, 0.8210527300834656, 3.0870683193206787, -0.385102778673172, 2.313445568084717, 0.6468022465705872, 0.760033905506134, 0.0791812464594841, 0.8605729341506958, 3.138720989227295, 1.3010300397872925, -0.27769577503204346, 1.1084129810333252, 0.09608589857816696, 0.18753011524677277, 1.1525449752807617, 0.778151273727417, 1.7465177774429321, 0.21714724600315094, -0.1711333692073822, 0.5365551114082336, 1.3979400396347046, 1.3424227237701416, 0.30540817975997925, 5.604791164398193, 1.640105128288269, 1.8468385934829712, -0.4342944920063019, 0.99980229139328, 1.0684576034545898, 1.9564423561096191, 1.356289029121399, 0.02938377857208252, 0.2711583971977234, 1.0499999523162842, 0.11394335329532623, 1.8258311748504639, 0.05025917664170265, 3.4472391605377197, 0.48067355155944824, 3.0451810359954834, 1.3470245599746704, 0.7630415558815002, -0.6321145296096802, 1.250058889389038, 1.3951810598373413, 0.0, 0.44889864325523376, 0.41897907853126526, 1.8359925746917725, 0.37339213490486145, 2.5994110107421875, 0.5699266791343689, 0.18230631947517395, 1.65031898021698, 0.0781063511967659, -0.3010300099849701, 1.4415022134780884, -1.0409806966781616, 2.8257761001586914, 0.9344635605812073, 1.085513710975647, 1.5034478902816772, 0.4771212637424469, -0.32487598061561584, 0.7146528959274292, 1.2081027030944824, -0.5390007495880127, -0.781730055809021, 0.7103787064552307, 0.30666661262512207, -0.18475772440433502, 3.7179131507873535, 0.26057669520378113, 1.0929112434387207, 2.808621644973755, 0.0, -0.24772648513317108, 0.10795748978853226, 0.0, 1.104375958442688, 1.151262879371643, 3.5, 0.6989700198173523, 1.9800834655761719, 1.114435076713562, 0.5977889895439148, 1.07918119430542, 2.5533957481384277, -0.04694440960884094, 1.5554100275039673, 2.3308777809143066, 0.0, 0.7490769624710083, 0.8131463527679443, 1.3507663011550903, -0.42026811838150024, 0.4691511392593384, 0.24142944812774658, 1.9559123516082764, 0.340556263923645, 3.1931889057159424, 0.6591593623161316, 2.4482860565185547, 0.3010300099849701, 0.24489687383174896, 0.6866684556007385, 1.2392727136611938, -0.26057669520378113, -0.36433807015419006, 3.207728624343872, 3.714586019515991, -0.015157866291701794, 0.3010300099849701, 1.2304489612579346, 1.2552725076675415, 1.2092399597167969, -0.3820517361164093, 1.278753638267517, 1.4541797637939453, 0.3979400098323822, 0.04257551208138466, 0.31308385729789734, 0.4239782392978668, 0.24303804337978363, -0.2589101195335388, 0.0, 3.0485401153564453, 0.20000000298023224, 3.031435966491699, 0.30238106846809387, 1.7200785875320435, 2.3520781993865967, 0.0, 0.5434072613716125, 1.8262434005737305, 1.233416199684143, 0.6000000238418579, 0.8662790060043335, 0.09386931359767914, 0.6905077695846558, 1.6020599603652954, 0.04722999408841133, 3.9052977561950684, 0.421714723110199, 0.900451123714447, 0.6431984305381775, 0.7115351557731628, 1.3979400396347046, 0.7054662704467773, 0.8619940876960754, -0.5862975716590881, -0.3665315508842468, -0.23962907493114471, 1.2795332670211792, 1.2000000476837158, 0.8870543837547302, 2.050894021987915, 1.006332516670227, 1.2491995096206665, 0.10857362300157547, 0.5, 0.24915720522403717, -1.221848726272583, 1.0189433097839355, 0.11619684845209122, 0.17371779680252075, -0.5623316764831543, 1.07918119430542, 0.6000000238418579, 1.0, 0.7179132699966431, 1.0662240982055664, -0.10857362300157547, 0.2902492582798004, 1.9453153610229492, 3.169900894165039, 1.7999999523162842, 2.665433168411255, 0.4313637614250183, 0.7527137994766235, -0.6098513603210449, 2.0360825061798096, 0.9542425274848938, 0.2329961061477661, -0.17371779680252075, 0.7600153684616089, 1.7041059732437134, 0.3979400098323822, 1.9167572259902954],