{"mae": [2.3543155193328857, 1.1911498308181763, 0.6719621419906616, 0.5979810357093811, 0.5641152858734131, 0.4785533547401428, 0.39768022298812866, 0.2877453863620758, 0.16550293564796448, 0.13997036218643188, 0.14651566743850708, 0.1374579817056656, 0.11660735309123993, 0.12429799139499664, 0.10677540302276611, 0.10116290301084518, 0.09009077399969101, 0.09907478839159012, 0.090846486389637, 0.09747456014156342, 0.09865165501832962, 0.09004171937704086, 0.08323191106319427, 0.07530289888381958, 0.07658662647008896, 0.09819644689559937, 0.09559019654989243, 0.07051756978034973, 0.06960400938987732, 0.06991457939147949, 0.07289828360080719, 0.08481864631175995, 0.06429796665906906, 0.07745480537414551, 0.0645480826497078, 0.07139191776514053, 0.07085947692394257, 0.10313155502080917, 0.06115634739398956, 0.058517780154943466, 0.06920197606086731, 0.05935169383883476, 0.065297931432724, 0.061547085642814636, 0.05767961964011192, 0.05551179125905037, 0.058372851461172104, 0.0677095502614975, 0.060681503266096115, 0.057957686483860016, 0.0570814274251461, 0.06904591619968414, 0.0590784065425396, 0.06144828721880913, 0.05583110451698303, 0.055194199085235596, 0.0897907093167305, 0.05812555178999901, 0.051844727247953415, 0.051362793892621994, 0.07260966300964355, 0.0657615140080452, 0.051694355905056, 0.06556954979896545, 0.05139390379190445, 0.05243545398116112, 0.05189114436507225, 0.05268547683954239, 0.08136448264122009, 0.056460652500391006, 0.04839704930782318, 0.06047285720705986, 0.05153610184788704, 0.05214531347155571, 0.05080951005220413, 0.05654564127326012, 0.04707612469792366, 0.054385870695114136, 0.07142619043588638, 0.04950511083006859, 0.051623016595840454, 0.04677272215485573, 0.05289379134774208, 0.054607801139354706, 0.05284024029970169, 0.05573276802897453, 0.05439743772149086, 0.054502829909324646, 0.07636354863643646, 0.07789620012044907, 0.05159119889140129, 0.07211990654468536, 0.057833895087242126, 0.04707418009638786, 0.06442063301801682, 0.04852130264043808, 0.06227410212159157, 0.06626210361719131, 0.04911976680159569, 0.04932926967740059], "epoch": [1, 2, 3, 4, 5, 6, 7, 8, 9, 10, 11, 12, 13, 14, 15, 16, 17, 18, 19, 20, 21, 22, 23, 24, 25, 26, 27, 28, 29, 30, 31, 32, 33, 34, 35, 36, 37, 38, 39, 40, 41, 42, 43, 44, 45, 46, 47, 48, 49, 50, 51, 52, 53, 54, 55, 56, 57, 58, 59, 60, 61, 62, 63, 64, 65, 66, 67, 68, 69, 70, 71, 72, 73, 74, 75, 76, 77, 78, 79, 80, 81, 82, 83, 84, 85, 86, 87, 88, 89, 90, 91, 92, 93, 94, 95, 96, 97, 98, 99, 100]}