{"$RMSE$": 3.427368353187351, "$RMSE/\\sigma_{y}$": 0.652390091208797, "$MAE$": 2.477994680404663, "$R^{2}$": 0.5700880862558371, "y": [17.100000381469727, 18.5690975189209, 13.551384925842285, 12.312131881713867, 24.85137367248535, 23.3359317779541, 7.874631881713867, 6.010295867919922, 19.884586334228516, 12.766308784484863, 22.706953048706055, 13.893529891967773, 12.224228858947754, 11.174460411071777, 8.264303207397461, 17.314462661743164, 9.537310600280762, 19.541311264038086, 15.407109260559082, 21.334739685058594, 8.982897758483887, 15.740001678466797, 22.475114822387695, 10.91129207611084, 23.339162826538086, 18.804075241088867, 13.885464668273926, 11.908124923706055, 18.994638442993164, 10.836220741271973, 20.589387893676758, 8.396767616271973, 14.113191604614258, 15.69804859161377, 14.472807884216309, 12.407033920288086, 19.919692993164062, 23.787267684936523, 17.900094985961914, 10.690956115722656, 12.772666931152344, 19.05072593688965, 15.508414268493652, 10.493815422058105, 15.801970481872559, 5.038650035858154, 7.480872631072998, 13.394224166870117, 10.014057159423828, 16.144895553588867, 16.171096801757812, 8.863502502441406, 8.805479049682617, 19.33448600769043, 16.61640739440918, 16.593549728393555, 9.885711669921875, 23.204452514648438, 10.340764045715332, 13.469060897827148, 8.845930099487305, 17.750362396240234, 12.95639705657959, 12.755647659301758, 24.426088333129883, 18.190046310424805, 11.933211326599121, 11.022202491760254, 13.537128448486328, 19.349842071533203, 19.708494186401367, 20.121082305908203, 16.769840240478516, 20.185523986816406, 11.64377498626709, 24.632709503173828, 12.242650032043457, 24.809389114379883, 9.20221996307373, 9.394390106201172, 11.269423484802246, 4.929041862487793, 23.497838973999023, 9.41287612915039, 26.838211059570312, 8.624259948730469, 10.374717712402344, 6.1230902671813965, 12.198269844055176, 6.6680707931518555, 12.719014167785645, 17.181428909301758, 17.278032302856445, 11.463370323181152, 8.493165969848633, 14.027811050415039, 15.864752769470215, 7.407995700836182, 10.777018547058105, 14.980456352233887], "y_pred": [16.470077514648438, 20.668651580810547, 18.476259231567383, 14.977411270141602, 26.426273345947266, 17.77846336364746, 6.452655792236328, 5.89256477355957, 18.594295501708984, 15.1973876953125, 21.602203369140625, 12.60807991027832, 12.317508697509766, 14.656421661376953, 9.183305740356445, 17.012451171875, 15.982311248779297, 24.017024993896484, 11.085909843444824, 20.682777404785156, 14.717761993408203, 16.051206588745117, 22.002487182617188, 11.339214324951172, 22.44675064086914, 17.208261489868164, 13.676191329956055, 10.591207504272461, 12.411404609680176, 8.899667739868164, 24.057100296020508, 11.004495620727539, 12.338509559631348, 16.78875732421875, 18.715099334716797, 16.7637996673584, 19.902172088623047, 23.46600341796875, 21.681976318359375, 10.044379234313965, 9.609024047851562, 15.56808090209961, 13.599752426147461, 14.750093460083008, 11.348466873168945, 6.4529008865356445, 8.446418762207031, 14.650310516357422, 10.260841369628906, 19.812437057495117, 14.471090316772461, 9.173348426818848, 10.586522102355957, 16.627954483032227, 13.751288414001465, 26.780914306640625, 12.220260620117188, 20.24936294555664, 9.847991943359375, 11.886453628540039, 13.514205932617188, 15.62570571899414, 13.60396671295166, 9.395861625671387, 25.054697036743164, 17.442880630493164, 11.518832206726074, 16.041454315185547, 13.452363967895508, 17.082422256469727, 15.660770416259766, 20.097026824951172, 15.790260314941406, 20.16972541809082, 8.83322525024414, 27.45594024658203, 17.261688232421875, 20.87002182006836, 10.840734481811523, 9.715009689331055, 23.575748443603516, 8.224954605102539, 21.43427276611328, 12.337364196777344, 25.577720642089844, 14.097768783569336, 13.127991676330566, 6.233787536621094, 9.695454597473145, 8.008071899414062, 13.669234275817871, 12.235366821289062, 15.947311401367188, 10.045417785644531, 22.097827911376953, 11.066390991210938, 15.818639755249023, 9.671761512756348, 12.185373306274414, 11.032916069030762]}