{"$RMSE$": 0.308196512303648, "$RMSE/\\sigma_{y}$": 0.6208655153704311, "$MAE$": 0.30000999569892883, "$R^{2}$": 0.6137534877317985, "y": [3.904670238494873, 4.748115062713623, 4.537405967712402, 3.9106698036193848, 3.9547533988952637, 4.542417049407959, 4.602039337158203, 4.201948642730713, 3.684431791305542, 4.416031360626221, 4.00531530380249, 3.7922050952911377, 5.147805213928223, 4.358826637268066, 3.8825478553771973, 3.4289710521698, 4.424842357635498, 3.118666410446167, 4.131904125213623, 4.307648181915283, 3.3485841751098633, 3.7041945457458496, 3.944420099258423, 3.63911771774292, 3.5453696250915527, 4.47631311416626, 4.742090702056885, 4.616565704345703, 4.133591651916504, 4.037806987762451, 3.5640110969543457, 3.577139139175415, 4.153522968292236, 4.797499179840088, 4.4735822677612305, 3.8433837890625, 4.034451007843018, 3.348456382751465, 3.9009931087493896, 4.8394927978515625, 4.182408809661865, 4.8534393310546875, 3.6650149822235107, 5.358081817626953, 4.39915657043457, 4.096218109130859, 4.224383354187012, 3.6111392974853516, 3.885608196258545, 4.19783878326416, 4.524092197418213, 3.9177048206329346, 4.789966106414795, 4.412052154541016, 3.6756045818328857, 4.762720108032227, 4.231656074523926, 3.493777275085449, 4.3255743980407715, 4.432549953460693, 4.167677402496338, 4.236003875732422, 4.767648696899414, 5.043616771697998, 4.120785713195801, 4.806791305541992, 3.403639316558838, 4.776271343231201, 4.175279140472412, 4.56951379776001, 4.687671184539795, 4.096863746643066, 4.6972336769104, 4.083723545074463, 5.1460652351379395, 4.819267272949219, 3.7019083499908447, 3.4500949382781982, 5.066909313201904, 4.363218307495117, 3.960759401321411, 5.22818660736084, 4.667219638824463, 4.148821830749512, 4.228193759918213, 3.859663724899292, 3.6877055168151855, 3.972764015197754, 4.486876964569092, 3.707428216934204, 4.211437225341797, 4.299957752227783, 4.260980606079102, 3.973330497741699, 4.285253524780273, 5.532301425933838, 4.493723392486572, 4.149319171905518, 4.705669403076172, 3.7311530113220215, 4.005764961242676, 3.9079596996307373, 4.573776721954346, 4.715503215789795, 4.879446029663086, 4.214224815368652, 3.3640143871307373, 3.890528440475464, 4.640471458435059, 4.81186580657959, 4.4886627197265625, 4.285802364349365, 3.403003454208374, 4.02562141418457, 4.557008266448975, 4.466225624084473, 4.37352180480957, 4.786055088043213, 4.5074262619018555, 4.344806671142578, 4.5304975509643555, 5.86870813369751, 3.6744282245635986, 4.733926773071289, 4.7971906661987305, 3.9237380027770996, 4.390888214111328, 4.4389238357543945, 4.272751331329346, 4.201096534729004, 4.878315448760986, 4.4756269454956055, 4.425878047943115, 4.174167633056641, 4.550139904022217, 3.929875373840332, 3.9928486347198486, 5.423353672027588, 4.008913516998291, 3.8163323402404785, 4.038934707641602, 3.963437080383301, 4.300224781036377, 4.723324775695801, 4.151700019836426, 3.4506325721740723, 5.3015456199646, 3.6778292655944824, 4.030340194702148, 4.610569000244141, 5.578075408935547, 4.477558612823486, 3.897158145904541, 4.461041450500488, 4.349467754364014, 3.7796247005462646, 4.489311695098877, 3.951991081237793, 4.121938228607178, 3.801342487335205, 3.610910415649414, 4.099850177764893, 4.020801067352295, 4.293010711669922, 4.146066665649414, 4.095187187194824, 4.122633934020996, 4.903888702392578, 4.839334964752197, 4.6153788566589355, 3.75893497467041, 4.2103071212768555, 3.8257908821105957, 4.173760890960693, 4.201902389526367, 4.087156295776367, 5.6220502853393555, 4.139446258544922, 4.443121910095215, 3.8961570262908936, 4.999691486358643, 3.8628599643707275, 3.7351059913635254, 4.009158134460449, 4.567196369171143, 4.264980792999268, 4.416739463806152, 4.372843265533447, 4.0847249031066895, 4.59975528717041, 4.183818817138672, 3.893362522125244, 4.2042131423950195, 3.769655227661133, 3.4922072887420654, 3.7430343627929688, 4.13593864440918, 3.6728806495666504, 3.7706475257873535, 4.647241115570068, 4.60145378112793, 4.188879013061523, 4.375268459320068, 3.897757053375244, 4.288374900817871, 4.069859504699707, 5.094401836395264, 4.509805202484131, 4.176100730895996, 4.402043342590332, 5.27525520324707, 5.204424858093262, 3.6745047569274902, 4.645269870758057, 4.484841346740723, 3.991506338119507, 4.614151477813721, 3.598687171936035, 4.280385494232178, 3.8066790103912354, 4.312903881072998, 4.309567928314209, 4.536125183105469, 4.290775299072266, 3.999037981033325, 3.6589596271514893, 4.139982223510742, 4.756346225738525, 4.789066791534424, 3.798757314682007, 3.4144210815429688, 4.0740461349487305, 4.321009635925293, 4.704922676086426, 4.078066825866699, 5.486977577209473, 4.6653337478637695, 3.4461746215820312, 4.608277797698975, 4.810351371765137, 4.569401741027832, 4.209824562072754, 5.186496257781982, 4.512810707092285, 4.776444435119629, 4.400914669036865, 3.99859881401062, 4.673231601715088, 4.2566752433776855, 4.1449198722839355, 3.8188092708587646, 4.189767837524414, 5.052100658416748, 4.603717803955078, 4.0020952224731445, 4.0103559494018555, 3.6625313758850098, 3.9539785385131836, 4.114677906036377, 4.556486129760742, 4.519266605377197, 4.589054584503174, 3.8684439659118652, 4.678058624267578, 4.56276798248291, 4.267033100128174, 4.010818004608154, 4.194797515869141, 3.889686346054077, 3.7270712852478027, 4.368126392364502, 4.157712936401367, 3.903048515319824, 4.618403911590576, 5.607738494873047, 4.632611274719238, 3.204836130142212, 4.059986114501953, 4.703432083129883, 5.124244689941406, 3.1347758769989014, 4.430613040924072, 4.94155740737915, 3.666874647140503, 4.585764408111572, 4.2218241691589355, 3.624894380569458, 3.846283197402954, 4.476040363311768, 3.851388692855835, 4.335326671600342, 4.404250621795654, 4.4751105308532715, 4.874364852905273, 4.441932201385498, 4.514554977416992, 4.362585544586182, 4.82790994644165, 4.313868522644043, 5.165223598480225, 4.146345615386963, 4.273224830627441, 3.981567144393921, 4.360243320465088, 4.092442035675049, 4.033409595489502, 4.28483247756958, 4.255970478057861, 4.131008148193359, 4.215392589569092, 4.081239700317383, 4.319504737854004, 4.482204437255859, 3.8626503944396973, 4.2912821769714355, 4.980165958404541, 4.155395984649658, 4.36147403717041, 5.0417866706848145, 4.453995704650879, 5.190825939178467, 3.254734516143799, 4.320868015289307, 3.840623617172241, 4.260800838470459, 3.708850622177124, 3.430572986602783, 3.6468138694763184, 4.334854602813721, 3.614119291305542, 5.094611167907715, 4.13569450378418, 3.986924648284912, 4.855837345123291, 4.441784381866455, 4.35800838470459, 5.066344261169434, 4.222529888153076, 3.949948310852051, 3.643052577972412, 4.362841606140137, 4.380170822143555, 3.551067352294922, 5.8080339431762695, 3.998267889022827, 5.386646747589111, 5.614002704620361, 4.109831809997559, 3.9713661670684814, 3.8017988204956055, 4.991869926452637, 4.417686462402344, 4.780958652496338, 3.8056468963623047, 3.826805353164673, 4.6702046394348145, 4.174657821655273, 4.879403114318848, 4.725855827331543, 4.069066524505615, 4.326227188110352, 3.6951851844787598, 5.252172946929932, 4.397144317626953, 4.907169342041016, 4.289474010467529, 4.438520431518555, 4.904125213623047, 3.982631206512451, 4.352847099304199, 3.5076141357421875, 4.693518161773682, 3.898533821105957, 4.758159637451172, 4.807079792022705, 4.470823287963867, 4.970401287078857, 3.6464037895202637, 4.010517597198486, 4.00213623046875, 4.559912204742432, 3.609428644180298, 3.871458053588867, 4.913820743560791, 5.124523162841797, 5.442802906036377, 3.936326503753662, 4.097387790679932, 4.635414123535156, 3.629441976547241, 4.7249369621276855, 3.3109989166259766, 4.351682662963867, 4.004866600036621, 4.819267749786377, 3.694601535797119, 4.051994323730469, 3.4700920581817627, 4.125053882598877, 5.665349006652832, 4.524306297302246, 3.8783280849456787, 3.9550888538360596, 3.4780445098876953, 4.647392272949219, 4.3082756996154785, 3.9697113037109375, 3.8217720985412598, 4.074772834777832, 3.871894359588623, 